StockCode,Description,sold_qty,return_qty,return_rate_percent
79323P,"PINK CHERRY LIGHTS",4,2011,50275.00
79323B,"BLACK CHERRY LIGHTS",8,1679,20987.50
84614A,"PINK BAROQUE FLOCK CANDLE HOLDER",2,390,19500.00
84613C,"BLUE NEW BAROQUE FLOCK CANDLESTICK",1,173,17300.00
35610A,"PINK CHRISTMAS FLOCK DROPLET ",10,1277,12770.00
22351,"DOTCOMGIFTSHOP TEA TOWEL",13,1400,10769.23
35609A,"PINK FEATHER CHRISTMAS DECORATION",1,51,5100.00
35610C,"Thrown away.",25,1121,4484.00
84743C,damages,1,42,4200.00
84613A,"PINK NEW BAROQUE FLOCK CANDLESTICK",6,230,3833.33
84569C,"PACK 4 FLOWER/BUTTERFLY PATCHES",1,37,3700.00
21839,"MUMMY MOUSE RED GINGHAM RIBBON",1,36,3600.00
84802B,"PURPLE ANEMONE ARTIFICIAL FLOWER",4,125,3125.00
S,SAMPLES,2,61,3050.00
21414,"SCALLOP SHELL SOAP DISH",1,25,2500.00
22618,"COOKING SET RETROSPOT",69,1701,2465.22
35650,"VINTAGE BEAD PINK JEWEL STAND",1,24,2400.00
35610B,"BLACK CHRISTMAS FLOCK DROPLET ",24,541,2254.17
35833G,"4 GOLD FLOCK CHRISTMAS BALLS",2,43,2150.00
23116,Damaged,78,1440,1846.15
84809B,damaged,18,324,1800.00
23003,"Printing smudges/thrown away",542,9058,1671.22
AMAZONFEE,"AMAZON FEE",2,32,1600.00
23117,Damaged,93,1441,1549.46
21144,"PINK POODLE HANGING DECORATION ",5,75,1500.00
35597A,"DUSTY PINK CHRISTMAS TREE 30CM",1,14,1400.00
84856L,"LARGE TAHITI BEACH BAG",2,27,1350.00
22034,"ROBIN CHRISTMAS CARD",22,258,1172.73
84798B,"PURPLE FOXGLOVE ARTIIFCIAL FLOWER",11,113,1027.27
23114,Damaged,149,1443,968.46
23115,Damaged,155,1440,929.03
20892,"SET/3 TALL GLASS CANDLE HOLDER PINK",4,34,850.00
DCGS0070,"CAMOUFLAGE DOG COLLAR",1,8,800.00
37474,"SET/4 2 TONE EGG SHAPE MIXING BOWLS",2,15,750.00
20703,"BLUE PADDED SOFT MOBILE",1,7,700.00
20860,"GOLD COSMETICS BAG WITH BUTTERFLY",1,7,700.00
20906,"VINTAGE NOTEBOOK BEAUTY GIRL",3,21,700.00
21160,"KEEP OUT GIRLS DOOR HANGER ",1,7,700.00
21827,"EIGHT PIECE CREEPY CRAWLIE SET",6,42,700.00
21120,"*Boombox Ipod Classic",1,6,600.00
84990,"60 GOLD AND SILVER FAIRY CAKE CASES",4,24,600.00
37464,"ROBOT MUG IN DISPLAY BOX",3,16,533.33
84968B,"SET OF 16 VINTAGE IVORY CUTLERY",4,21,525.00
62096B,"PURPLE/TURQ FLOWERS HANDBAG",2,10,500.00
90100,"NECKLACE+BRACELET SET PINK DAISY",1,5,500.00
DCGS0069,ebay,1,5,500.00
62094B,"TURQ ICE CREAM BUM BAG ",19,92,484.21
18097A,"PINK TALL PORCELAIN T-LIGHT HOLDER ",5,23,460.00
90010B,"BLACK/WHITE GLASS/SILVER BRACELET",11,50,454.55
21692,"SILVER LATTICE VANILLA CANDLE POT",17,76,447.06
23005,"printing smudges/thrown away",4783,19201,401.44
21410,"COUNTRY COTTAGE  DOORSTOP GREEN",1,4,400.00
22146,"EASTER CRAFT IVY WREATH WITH CHICK",1,4,400.00
10123C,"HEARTS WRAPPING TAPE ",5,18,360.00
85036b,check,370,1313,354.86
21689,"SILVER VANILLA  FLOWER CANDLE POT",95,323,340.00
84801A,check,46,150,326.09
47574B,"ENGLISH ROSE SCENTED HANGING HEART",4,13,325.00
21836,"GINGHAM OVEN GLOVE RED HEART ",5,16,320.00
79192A,"RETRO PLASTIC 70'S TRAY",3,9,300.00
84805A,"CREAM CLIMBING HYDRANGA ART FLOWER",32,96,300.00
85160a,"WHITE BIRD GARDEN DESIGN MUG",7,21,300.00
21416,"CLAM SHELL LARGE",5,14,280.00
21018,"BIRD BOX CHRISTMAS TREE DECORATION",24,63,262.50
20694,?,43,110,255.81
84805B,"BLUE CLIMBING HYDRANGA ART FLOWER",38,96,252.63
21275,?,16,40,250.00
21895,"POTTING SHED SOW 'N' GROW SET",2,5,250.00
35817P,"ACRYLIC JEWEL SNOWFLAKE,PINK",18,44,244.44
35818B,"ACRYLIC JEWEL ICICLE, BLUE",31,75,241.94
90195A,check,19,45,236.84
72815,"3 WICK CHRISTMAS BRIAR CANDLE ",3,7,233.33
85224,"ASSORTED COLOUR SILK GLASSES CASE",3,7,233.33
84809A,"WHITE CHRYSANTHEMUMS ART FLOWER",55,128,232.73
85036C,check,758,1757,231.79
90191,??,26,60,230.77
72807B,????missing,401,924,230.42
23270,"incorrect stock entry.",1279,2886,225.65
20671,"BLUE TEATIME PRINT BOWL ",10,22,220.00
21351,"CINAMMON & ORANGE WREATH",104,227,218.27
21486,"PINK HEART DOTS HOT WATER BOTTLE",36,77,213.89
21622,damages,386,813,210.62
"BANK CHARGES","Bank Charges",12,25,208.33
84877D,?,98,204,208.16
84816,damages,13,27,207.69
23113,Damaged,1154,2386,206.76
84548,"CROCHET BEAR RED/BLUE  KEYRING",34,70,205.88
84801B,"WHITE HYDRANGEA ART FLOWER",22,44,200.00
84856S,"SMALL TAHITI BEACH BAG",4,8,200.00
85126,"LARGE ROUND CUTGLASS CANDLESTICK",2,4,200.00
85136B,"BLUE SHARK HELICOPTER",2,4,200.00
21349,check,24,48,200.00
72807A,???missing,403,793,196.77
90082D,"DIAMANTE BOW BROOCH BLACK COLOUR",10,19,190.00
21815,?,159,300,188.68
90180A,"BLACK+WHITE NECKLACE W TASSEL",17,32,188.24
22127,"Dotcom sold in 6's",404,750,185.64
23269,"incorrect stock entry.",786,1440,183.21
84859C,"PINK DISCO HANDBAG",84,153,182.14
84799,"SPRIG LAVENDER ARTIFICIAL FLOWER",224,406,181.25
90035A,"PEARL & SHELL 42"NECKL. GREEN",5,9,180.00
90120D,"WHITE MURANO TWIST BRACELET",10,18,180.00
84804A,"CREAM DELPHINIUM ARTIFICIAL FLOWER",70,125,178.57
85104,????damages????,201,358,178.11
DCGS0003,"BOXED GLASS ASHTRAY",4,7,175.00
22202,"MILK PAN PINK POLKADOT",67,116,173.13
84598,"BOYS ALPHABET IRON ON PATCHES",1975,3288,166.48
21620,check,903,1499,166.00
20700,?,73,121,165.75
84352,Damages/samples,34,56,164.71
90012A,"MIDNIGHT BLUE DROP CRYSTAL NECKLACE",11,18,163.64
22415,"WHITE TISSUE REAM",19,31,163.16
90014C,"SILVER AND BLACK ORBIT NECKLACE",5,8,160.00
85172,"?sold as sets?",1346,2101,156.09
84750A,"PINK SMALL GLASS CAKE STAND",24,37,154.17
72807C,???missing,726,1119,154.13
20857,"BLUE ROSE PATCH PURSE PINK BUTTERFL",32,49,153.13
16169P,"WRAP GREEN RUSSIAN FOLKART ",50,75,150.00
37379A,"PINK CHERRY BLOSSOM CUP & SAUCER",6,9,150.00
84522,"PINK PARTY SUNGLASSES",20,30,150.00
22769,"CHALKBOARD KITCHEN ORGANISER",11,16,145.45
16162M,"alan hodge cant mamage this section",58,84,144.83
21696,"SMALL SILVER TRELLIS CANDLEPOT",230,332,144.35
35957,"SMALLFOLKART BAUBLE CHRISTMAS DEC",723,1035,143.15
84499,"BLACK FLOWER CANDLE PLATE",7,10,142.86
21228,"POCKET MIRROR "GLAMOROUS"",5,7,140.00
20816,"GOLD FLOWER CUSHION COVER ",8,11,137.50
84534B,"FAIRY CAKE NOTEBOOK A5 SIZE",68,90,132.35
84751B,"BLACK MEDIUM GLASS CAKE STAND",19,25,131.58
21332,"MOROCCAN BEATEN METAL MIRROR",19,25,131.58
85067,"CREAM SWEETHEART WALL CABINET",7,9,128.57
21637,"ASSORTED SANSKRIT MINI NOTEBOOK",109,139,127.52
23055,"IVORY CHANDELIER T-LIGHT HOLDER",658,830,126.14
20793,"BLUE TILED TRAY",8,10,125.00
85017A,"ENVELOPE 50 ROMANTIC IMAGES",16,20,125.00
37479P,??,175,214,122.29
84840,"SWEETHEART CARRY-ALL BASKET",9,11,122.22
85008,"SET OF 3 CONEY ISLAND OVAL BOXES",14,17,121.43
90096,"NECKLACE+BRACELET SET BLUE BLOSSOM",45,54,120.00
20701,"PINK CAT FLORAL CUSHION COVER ",25,30,120.00
22617,"BAKING SET SPACEBOY DESIGN",2210,2629,118.96
85195,"HANGING HEART BASKET",11,13,118.18
21161,"KEEP OUT BOYS DOOR HANGER ",144,168,116.67
21472,"LADYBIRD + BEE RAFFIA FOOD COVER",124,141,113.71
21040,"MODERN VINTAGE COTTON SHOPPING BAG",22,25,113.64
84415B,"BLUE FLOCK CUSHION COVER ",8,9,112.50
20681,MIA,140,157,112.14
20756,"GREEN FERN POCKET BOOK",63,70,111.11
84611B,"thrown away",1287,1430,111.11
79030D,damages,600,665,110.83
16162L,"THE KING GIFT BAG",50,54,108.00
35922,"EASTER BUNNY WREATH",28,30,107.14
20893,damages,269,288,107.06
85136A,damages,72,77,106.94
47566B,"incorrectly credited C550456 see 47",3881,4024,103.68
22164,"STRING OF STARS CARD HOLDER",78,80,102.56
84249A,check,174,175,100.57
23595,adjustment,5,5,100.00
23843,"PAPER CRAFT , LITTLE BIRDIE",80995,80995,100.00
44265,"M/COLOUR POM-POM CURTAIN",5,5,100.00
47579,"TEA TIME BREAKFAST BASKET",1,1,100.00
84227,"HEN HOUSE W CHICK IN NEST",2,2,100.00
84593,"CROCHET ROSE DES CLOTHES HANGER",5,5,100.00
84800M,"MEDIUM WHITE/PINK ROSE ART FLOWER",127,127,100.00
84881,"BLUE WIRE SPIRAL CANDLE HOLDER",12,12,100.00
85047,"WHITE BEADED GARLAND STRING 20LIGHT",3,3,100.00
85119,"WATERING CAN SINGLE HOOK PISTACHIO",1,1,100.00
20954,"*USB Office Mirror Ball",2,2,100.00
21011,"GLITTER SNOW PEAR TREE DECORATION",20,20,100.00
21681,"GIANT MEDINA STAMPED METAL BOWL ",2,2,100.00
21763,"VINTAGE WOODEN BAR STOOL",7,7,100.00
22528,"GARDENERS KNEELING PAD",1,1,100.00
84347,"ROTATING SILVER ANGELS T-LIGHT HLDR",9476,9376,98.94
47591B,?,212,207,97.64
84804B,"BLUE DELPHINIUM ARTIFICIAL FLOWER",99,96,96.97
16259,"PIECE OF CAMO STATIONERY SET",3380,3275,96.89
21688,"mixed up",348,337,96.84
23166,"MEDIUM CERAMIC TOP STORAGE JAR",78033,74494,95.46
72802A,?,385,360,93.51
84993B,"75 BLACK PETIT FOUR CASES",58,54,93.10
23057,"BEADED CHANDELIER T-LIGHT HOLDER",776,713,91.88
84415A,"PINK FLOCK SUEDE CUSHION COVER ",12,11,91.67
85232B,"SET OF 3 BABUSHKA STACKING TINS",281,256,91.10
85188B,"PINK METAL SWINGING BUNNY",78,70,89.74
79164,"BLACK WINE GLASS",1757,1562,88.90
35400,"WOODEN BOX ADVENT CALENDAR ",18,16,88.89
21777,"RECIPE BOX WITH METAL HEART",17,15,88.24
90173,"PAIR BUTTERFLY HAIR CLIPS",32,28,87.50
79067,"CORONA MEXICAN TRAY",172,150,87.21
84631,"FRUIT TREE AND BIRDS WALL PLAQUE",41,35,85.37
21392,"RED POLKADOT PUDDING BOWL",34,29,85.29
85106,"CUT GLASS HEXAGON T-LIGHT HOLDER",671,562,83.76
62096A,"PINK/YELLOW FLOWERS HANDBAG",106,88,83.02
20867,?,331,271,81.87
23056,"CRYSTAL CHANDELIER T-LIGHT HOLDER",966,789,81.68
20759,"CHRYSANTHEMUM POCKET BOOK ",64,52,81.25
85096,"HILDA CANDY SPOT RABBIT",73,59,80.82
35591T,"TURQUOISE CHRISTMAS TREE ",5,4,80.00
84925D,"LA PALMIERA WALL THERMOMETER",15,12,80.00
21667,"GLASS CAKE COVER AND PLATE",5,4,80.00
20956,?,1112,880,79.14
23268,"Incorrect stock entry.",1840,1452,78.91
20827,damages,88,68,77.27
84921,"CREAM AND PINK FLOWERS PONY ",22,17,77.27
21700,"BIG DOUGHNUT FRIDGE MAGNETS",1752,1352,77.17
79161A,"ST GEORGE SET OF 10 PARTY LIGHTS",17,13,76.47
20735,"BLACK MINI TAPE MEASURE ",624,472,75.64
35649,"VINTAGE BEAD COSMETIC BAG ",57,43,75.44
84562A,"PINK/WHITE RIBBED MELAMINE JUG",4,3,75.00
72802B,check,1028,744,72.37
21820,"GLITTER HEART GARLAND WITH BELLS ",332,240,72.29
21281,"VINTAGE KITCHEN PRINT SEAFOOD",43,31,72.09
16244B,"MAXWELL 2 TONE BLUE 60 PAGE PHOTO A",7,5,71.43
22796,"Not rcvd in 10/11/2010 delivery",584,415,71.06
90099,"NECKLACE+BRACELET SET BLUE HIBISCUS",27,19,70.37
85023B,"EAU DE NILE JEWELLED PHOTOFRAME",105,73,69.52
20856,??,216,150,69.44
85136C,damages,52,36,69.23
84754,"S/15 SILVER GLASS BAUBLES IN BAG",558,386,69.18
35271S,"GOLD PRINT PAPER BAG",19,13,68.42
62097B,"BLUE STRIPES SHOULDER BAG",9,6,66.67
84226,"HEN HOUSE W FAMILY IN BARN & NEST",51,34,66.67
85189,"HANGING BUTTERFLY  EGG",9,6,66.67
85019C,"CURIOUS  IMAGES NOTEBOOK SET",182,120,65.93
21655,"HANGING RIDGE GLASS T-LIGHT HOLDER",55,36,65.45
79336,"LIGHT PINK FLOCK GLASS CANDLEHOLDER",72,47,65.28
23462,damages,80,52,65.00
21488,"RED WHITE SCARF  HOT WATER BOTTLE",77,50,64.94
16015,"MEDIUM CHINESE STYLE SCISSOR",1062,689,64.88
22272,Damaged,241,156,64.73
84706D,"CHERRY BLOSSOM TABLE CLOCK ",8,5,62.50
35004C,"SET OF 3 COLOURED  FLYING DUCKS",394,246,62.44
84559B,"3D SHEET OF CAT STICKERS",260,162,62.31
48189,adjustment,29,18,62.07
84910A,"PINK PAISLEY CUSHION COVER ",26,16,61.54
90185C,"BLACK DIAMANTE EXPANDABLE RING",26,16,61.54
20826,"SILVER APERITIF GLASS",276,169,61.23
90200C,"BLUE SWEETHEART BRACELET",54,33,61.11
21135,"sold as set on dotcom",2870,1752,61.05
21830,?,3101,1889,60.92
20823,"GOLD WINE GOBLET",168,102,60.71
21190,"PINK HEARTS PAPER GARLAND",216,130,60.19
20820,"SILVER LOOKING MIRROR",5,3,60.00
37444B,"BLUE BREAKFAST CUP AND SAUCER ",5,3,60.00
84465,"15 PINK FLUFFY CHICKS IN BOX",10,6,60.00
84854,"GIRLY PINK TOOL SET",5,3,60.00
85030,"FRENCH CHATEAU OVAL PLATTER",15,9,60.00
22459,?lost,451,268,59.42
82599,?,510,301,59.02
20866,?,598,350,58.53
85161,"ACRYLIC GEOMETRIC LAMP",35,20,57.14
37467,"PIG MUG IN TWO COLOUR DESIGNS",310,177,57.10
84898F,"YELLOW FLOWERS FELT HANDBAG KIT",46,26,56.52
35954,check,1317,744,56.49
M,Manual,7231,4066,56.23
20684,"STRAWBERRY DREAM CHILDS UMBRELLA",82,46,56.10
47351B,"BLUE  VOILE LAMPSHADE",86,48,55.81
90164A,"PINK ROSEBUD PEARL BRACELET",27,15,55.56
85135B,"BLUE DRAGONFLY HELICOPTER",123,68,55.28
85204,"HANGING WOOD AND FELT FLOWER",2055,1132,55.09
84800L,"LARGE WHITE/PINK ROSE ART FLOWER",360,197,54.72
81953B,"ROUND BLUE CLOCK WITH SUCKER",11,6,54.55
37370,damages/dotcom?,2589,1399,54.04
85185B,?,536,287,53.54
85175,"? sold as sets?",5373,2870,53.42
21147,?,375,200,53.33
84877A,"PINK ROUND COMPACT MIRROR",40,21,52.50
16008,check,2892,1510,52.21
84798A,"PINK FOXGLOVE ARTIIFCIAL FLOWER",23,12,52.17
16045,check,8900,4567,51.31
84508B,"STRIPES DESIGN TEDDY",57,29,50.88
22042,"CHRISTMAS CARD SINGING ANGEL",411,209,50.85
21627,check,63,32,50.79
21594,"Dr. Jam's Arouzer Stress Ball",2,1,50.00
23630,"SET 10 CARDS HANGING BAUBLES 17080",2,1,50.00
35972,check,96,48,50.00
85167B,"BLACK GRAND BAROQUE PHOTO FRAME",50,25,50.00
22719,"GUMBALL MONOCHROME COAT RACK",657,326,49.62
85025C,"barcode problem",466,231,49.57
18098C,"PORCELAIN BUTTERFLY OIL BURNER",283,140,49.47
21682,?display?,326,159,48.77
85103,"SILVER T-LIGHT SETTING",143,69,48.25
18007,"ESSENTIAL BALM 3.5g TIN IN ENVELOPE",5884,2834,48.16
35833P,"4 PINK FLOCK CHRISTMAS BALLS",50,24,48.00
22823,"CHEST NATURAL WOOD 20 DRAWERS",46,22,47.83
35966,"FOLKART CHRISTMAS TREE T-LIGHT HOLD",42,20,47.62
20775,"DAISY NOTEBOOK ",135,64,47.41
21320,broken,197,93,47.21
84597B,damages,41,19,46.34
20821,"GOLDIE LOOKING MIRROR",26,12,46.15
16043,"POP ART PUSH DOWN RUBBER ",98,45,45.92
21769,showroom,11,5,45.45
72802C,check,1398,634,45.35
71279,damages,176,79,44.89
22920,"HERB MARKER BASIL",3427,1527,44.56
44091A,"BLUE CRUSOE CHECK LAMPSHADE",9,4,44.44
90014A,check,27,12,44.44
22102,"MIRROR MOSAIC T-LIGHT HOLDER ",1622,720,44.39
22313,"OFFICE MUG WARMER PINK",565,250,44.25
46126A,"ELVIS WALLHANGING / CURTAIN",52,23,44.23
23071,damages,319,141,44.20
85078,missing,1932,840,43.48
21735,damages,212,92,43.40
22162,"HEART GARLAND RUSTIC PADDED",266,115,43.23
84569B,"PACK 3 FIRE ENGINE/CAR PATCHES",86,37,43.02
90177A,"CLASSIC DIAMANTE EARRINGS JET",14,6,42.86
90177E,"DROP DIAMANTE EARRINGS GREEN",14,6,42.86
90182C,"BLACK 3 BEAD DROP EARRINGS",14,6,42.86
21632,"VINTAGE PINK DECORATIVE PARASOL",96,41,42.71
20934,"SET/3 POT PLANT CANDLES",68,29,42.65
84929,"ASSTD FRUIT+FLOWERS FRIDGE MAGNETS",3012,1274,42.30
21000,"ROSE DU SUD COSMETICS BAG",97,41,42.27
21054,"NURSE'S BAG SOFT TOY",71,30,42.25
20898,check,38,16,42.11
22105,"MIRROR MOSAIC GOBLET CANDLE HOLDER",574,240,41.81
18097C,"WHITE TALL PORCELAIN T-LIGHT HOLDER",699,292,41.77
37471,"MULTICOLOUR POLKADOT PLATE",29,12,41.38
21537,?,333,135,40.54
20903,"VINTAGE KEEPSAKE BOX TRAVELOGUE",82,33,40.24
35001W,"HAND OPEN SHAPE DECO.WHITE",92,37,40.22
90059C,"DIAMANTE HAIR GRIP PACK/2 MONTANA",15,6,40.00
21538,"DAIRY MAID  PUDDING BOWL",5,2,40.00
20854,"BLUE PATCH PURSE PINK HEART",244,96,39.34
22071,"SMALL WHITE RETROSPOT MUG IN BOX ",730,286,39.18
84597C,"RETRO PINK BALL ASHTRAY ",46,18,39.13
90185B,"AMETHYST DIAMANTE EXPANDABLE RING",23,9,39.13
35241,damages?,103,40,38.83
85125,check,166,64,38.55
84306,"S/3 PINK SQUARE PLANTERS ROSES",13,5,38.46
90012B,"BLACK DROP CRYSTAL NECKLACE",13,5,38.46
21814,"HEART T-LIGHT HOLDER ",78,30,38.46
22103,"MIRROR MOSAIC T-LIGHT HOLDER ROUND",1260,482,38.25
85006,"SET 4 NURSERY DES ROUND BOXES",55,21,38.18
90057,"crushed boxes",1008,380,37.70
75172,"PAINTED SEA SHELL METAL WINDCHIME",93,35,37.63
90059B,"DIAMANTE HAIR GRIP PACK/2 BLACK DIA",16,6,37.50
21272,?,571,214,37.48
47570B,"TEA TIME TABLE CLOTH",188,70,37.23
85118,"HEART T-LIGHT HOLDER",146,54,36.99
85036A,"GARDENIA 1 WICK MORRIS BOXED CANDLE",225,83,36.89
84508C,"BLUE CIRCLES DESIGN TEDDY",57,21,36.84
90164B,"WHITE  ROSEBUD PEARL BRACELET",38,14,36.84
84584,?,144,53,36.81
21781,damages?,169,62,36.69
23072,damages,334,122,36.53
47344B,"BLUE FLOWER DES PURSE",44,16,36.36
72225C,"LAVENDER SCENT CAKE CANDLE",624,226,36.22
84638,"SMALL KITCHEN FLOWER POTS PLAQUE",50,18,36.00
21069,"VINTAGE BILLBOARD TEA MUG",1956,701,35.84
85232D,"mix up with c",338,121,35.80
23064,"CINDERELLA CHANDELIER ",221,79,35.75
21785,"RAIN PONCHO ",412,147,35.68
84766,"SILVER ROCOCO CANDLE STICK",146,52,35.62
21829,?missing,6885,2437,35.40
20778,"GARDEN PATH NOTEBOOK ",17,6,35.29
90202B,"WHITE ENAMEL FLOWER HAIR TIE",17,6,35.29
40016,?,5556,1960,35.28
85135C,Damages,142,50,35.21
20686,"DOLLY MIXTURE CHILDREN'S UMBRELLA",270,95,35.19
72799F,"IVORY PILLAR CANDLE GOLD FLOCK",145,51,35.17
22655,"damages/showroom etc",60,21,35.00
18094C,"WHITE AND BLUE CERAMIC OIL BURNER",192,67,34.90
22481,"BLACK TEA TOWEL CLASSIC DESIGN",827,288,34.82
22106,"MIRROR MOSAIC HURRICANE LAMP ",349,121,34.67
17090D,"VANILLA INCENSE 40 CONES IN TIN",29,10,34.48
85049F,"BABY BOOM RIBBONS ",378,130,34.39
21391,"FRENCH LAVENDER SCENT HEART",1079,371,34.38
22588,"CARD HOLDER GINGHAM HEART",687,236,34.35
79191D,"RETRO PLASTIC DAISY TRAY",35,12,34.29
21911,"GARDEN METAL SIGN ",116,39,33.62
21246,damaged,286,96,33.57
20758,"ABSTRACT CIRCLES POCKET BOOK",162,54,33.33
84609,damages,93,31,33.33
84665,"SQUARE CHERRY BLOSSOM CABINET",105,35,33.33
85031C,"CURIOUS IMAGES SCRAP BOOK SET",3,1,33.33
85092,"CANDY SPOT TEA COSY",27,9,33.33
90168,"2 DAISIES HAIR COMB",18,6,33.33
90176A,"CLASSIC DIAMANTE NECKLACE JET",3,1,33.33
84912B,damaged,324,107,33.02
22273,"FELTCRAFT DOLL MOLLY",4514,1447,32.06
90169,"DAISY HAIR COMB",19,6,31.58
90174,"BUTTERFLY HAIR BAND",38,12,31.58
40001,check,821,259,31.55
21201,???,1240,391,31.53
21027,"NINJA RABBIT PINK",223,70,31.39
84917,"WHITE HAND TOWEL WITH BUTTERFLY",185,58,31.35
20713,found,13324,4165,31.26
22070,"SMALL RED RETROSPOT MUG IN BOX ",949,296,31.19
35815P,"ACRYLIC JEWEL SNOWFLAKE, PINK",202,63,31.19
16202B,"PASTEL BLUE PHOTO ALBUM ",29,9,31.03
21503,"TOYBOX  WRAP ",726,225,30.99
20941,"FROG CANDLE",84,26,30.95
22656,"VINTAGE BLUE KITCHEN CABINET",26,8,30.77
21108,"FAIRY CAKE FLANNEL ASSORTED COLOUR",10253,3150,30.72
79030G,damages,1409,429,30.45
46138B,"BLUE CHENILLE SHAGGY CUSHION COVER ",43,13,30.23
35916C,"PINK FELT HANGING HEART W FLOWER",106,32,30.19
90202C,"GREEN ENAMEL FLOWER HAIR TIE",20,6,30.00
22051,?,1000,300,30.00
85130A,"BEADED PEARL HEART WHITE LARGE",77,23,29.87
21743,"STAR PORTABLE TABLE LIGHT ",300,89,29.67
20774,damaged,98,29,29.59
22389,"PAPERWEIGHT SAVE THE PLANET",338,100,29.59
84406B,?,2016,594,29.46
21578,?,965,284,29.43
22044,"CHRISTMAS CARD STACK OF PRESENTS",816,240,29.41
84251B,"GREETING CARD, STICKY GORDON",245,72,29.39
84919,"BLUE CUSHION COVER WITH FLOWER",58,17,29.31
90209C,"PINK ENAMEL+GLASS HAIR COMB",267,78,29.21
22945,"CHRISTMAS METAL TAGS ASSORTED ",3003,876,29.17
15058B,"PINK POLKADOT GARDEN PARASOL",228,66,28.95
20967,"Amazon Adjustment",267,77,28.84
72798C,"SET/4 GARDEN ROSE DINNER CANDLE",7,2,28.57
90059F,"DIAMANTE HAIR GRIP PACK/2 LT ROSE",21,6,28.57
21439,"BASKET OF TOADSTOOLS",1430,408,28.53
22827,"RUSTIC  SEVENTEEN DRAWER SIDEBOARD",39,11,28.21
84341B,"SMALL PINK MAGIC CHRISTMAS TREE",645,181,28.06
17165D,"ASS COL LARGE SAND FROG P'WEIGHT",36,10,27.78
21850,"BLUE  DIAMANTE PEN IN GIFT BOX",130,36,27.69
84913A,"SOFT PINK ROSE TOWEL ",273,75,27.47
72127,"COLUMBIAN CANDLE ROUND ",193,53,27.46
51020B,adjust,197,54,27.41
90202A,"PURPLE ENAMEL FLOWER HAIR TIE",22,6,27.27
90202D,"PINK ENAMEL FLOWER HAIR TIE",22,6,27.27
20966,"SANDWICH BATH SPONGE",720,194,26.94
85199L,?,977,263,26.92
22363,"GLASS JAR MARMALADE ",484,130,26.86
22184,"CAKE STAND VICTORIAN FILIGREE LARGE",56,15,26.79
90003B,"ROSE COLOUR PAIR HEART HAIR SLIDES",15,4,26.67
17012A,"ORIGAMI VANILLA INCENSE/CANDLE SET ",323,86,26.63
22449,"can't find",492,131,26.63
21067,"VINTAGE RED TEATIME MUG",351,93,26.50
84596E,"SMALL LICORICE DES PINK BOWL",580,153,26.38
21804,check,319,84,26.33
90210D,check,107,28,26.17
21187,"WHITE BELL HONEYCOMB PAPER GARLAND ",371,97,26.15
47341A,"FUSCHIA TABLE RUN FLOWER ",27,7,25.93
84279P,check,464,120,25.86
22936,"BAKING MOULD ROSE WHITE CHOCOLATE",279,72,25.81
84763,Display,601,155,25.79
84920,"PINK FLOWER FABRIC PONY",117,30,25.64
21033,"JUMBO BAG CHARLIE AND LOLA TOYS",2032,517,25.44
84678,"CLASSICAL ROSE SMALL VASE",142,36,25.35
71143,"ANTIQUE SILVER BOOK MARK WITH BEADS",178,45,25.28
22924,"FRIDGE MAGNETS LA VIE EN ROSE",1313,331,25.21
84313B,"BLUE TV TRAY TABLE ",127,32,25.20
22797,"CHEST OF DRAWERS GINGHAM HEART ",163,41,25.15
72803A,?,648,162,25.00
81953P,"ROUND ARTICULATED PINK CLOCK W/SUCK",28,7,25.00
84748,"FOLK FELT HANGING MULTICOL GARLAND",208,52,25.00
90024B,"NEW BAROQUE B'FLY NECKLACE RED",8,2,25.00
90050,"CRACKED GLAZE NECKLACE IVORY",8,2,25.00
22121,?,406,101,24.88
21311,"SET/4 BIRD MIRROR MAGNETS ",581,144,24.78
22461,"SAVOY ART DECO CLOCK",239,59,24.69
84968E,check,142,35,24.65
21355,"TOAST ITS - I LOVE YOU ",884,217,24.55
21359,"RELAX LARGE WOOD LETTERS",131,32,24.43
37476,"CONDIMENT TRAY 4 BOWLS AND 4 SPOONS",37,9,24.32
20733,"GOLD MINI TAPE MEASURE ",1236,300,24.27
35916A,"YELLOW FELT HANGING HEART W FLOWER",87,21,24.14
84865,damaged,29,7,24.14
22572,??,1393,335,24.05
90059D,"DIAMANTE HAIR GRIP PACK/2 PERIDOT",25,6,24.00
90059E,"DIAMANTE HAIR GRIP PACK/2 RUBY",25,6,24.00
90177D,"DROP DIAMANTE EARRINGS PURPLE",25,6,24.00
20971,"PINK BLUE FELT CRAFT TRINKET BOX",11001,2617,23.79
22191,"IVORY DINER WALL CLOCK",1452,344,23.69
85086A,"CANDY SPOT HEART DECORATION",152,36,23.68
22080,"RIBBON REEL POLKADOTS ",1222,288,23.57
22130,"PARTY CONE CHRISTMAS DECORATION ",2277,535,23.50
16010,"FOLDING CAMPING SCISSOR W/KNIF & S",30,7,23.33
21693,"mixed up",373,87,23.32
84952C,"MIRROR LOVE BIRD T-LIGHT HOLDER",163,38,23.31
21591,check,1378,321,23.29
20773,"BLUE PAISLEY NOTEBOOK",56,13,23.21
22217,damages?,840,195,23.21
84872a,"TEATIME FUNKY FLOWER BACKPACK FOR 2",69,16,23.19
85049D,?,553,128,23.15
85035A,CHECK,281,65,23.13
35916B,"BLUE FELT HANGING HEART W FLOWER",91,21,23.08
44236,"PINK/PURPLE CIRCLE CURTAIN",52,12,23.08
90177C,"DROP DIAMANTE EARRINGS CRYSTAL",26,6,23.08
22052,"VINTAGE CARAVAN GIFT WRAP",650,150,23.08
22353,"LUNCH BOX WITH CUTLERY FAIRY CAKES ",122,28,22.95
84531A,"PINK KNITTED EGG COSY",149,34,22.82
22276,"WASH BAG VINTAGE ROSE PAISLEY",290,66,22.76
84581,check,189,43,22.75
46775D,"SUNSET COLOUR CHUNKY KNITTED THROW",66,15,22.73
22101,"MIRROR MOSAIC VOTIVE HOLDER",1438,324,22.53
23306,"SET OF 36 DOILIES PANTRY DESIGN",3538,793,22.41
90148,"LONG SILVER NECKLACE PASTEL FLOWER",9,2,22.22
90211B,"JET BLACK LAS VEGAS NECKLACE 45CM",9,2,22.22
17011F,"ORIGAMI SANDLEWOOD INCENSE+FLOWER",81,18,22.22
77101A,"UNION FLAG WINDSOCK",392,87,22.19
22194,"BLACK DINER WALL CLOCK",68,15,22.06
22168,"ORGANISER WOOD ANTIQUE WHITE ",150,33,22.00
35924,"HANGING FAIRY CAKE DECORATION",820,179,21.83
37423,"WHITE WITH BLACK CATS PLATE",78,17,21.79
85232A,"SET/3 POLKADOT STACKING TINS",78,17,21.79
21587,"COSY HOUR GIANT TUBE MATCHES",245,53,21.63
51008,"AFGHAN SLIPPER SOCK PAIR",519,112,21.58
21784,"SHOE SHINE BOX ",65,14,21.54
37479B,"CUBIC MUG FLOCK BLUE ON BROWN",140,30,21.43
47013C,"WINE BOTTLE DRESSING DARK BLUE",56,12,21.43
84616,"SILVER ROCCOCO CHANDELIER",14,3,21.43
22575,"METAL MERRY CHRISTMAS WREATH",639,136,21.28
15034,"PAPER POCKET TRAVELING FAN ",6591,1385,21.01
23169,"CLASSIC GLASS COOKIE JAR",1564,328,20.97
84666,"SQUARE CHERRY BLOSSOM CABINET",24,5,20.83
20658,"RED RETROSPOT LUGGAGE TAG",434,90,20.74
21613,"S/12 VANILLA  BOTANICAL T-LIGHTS",227,47,20.70
90098,"NECKLACE+BRACELET PINK BUTTERFLY",29,6,20.69
84876B,found,286,59,20.63
85230E,Damaged,1101,226,20.53
84857C,"PINK MONTE CARLO HANDBAG",122,25,20.49
21324,"HANGING MEDINA LANTERN SMALL",88,18,20.45
85017B,"ENVELOPE 50 BLOSSOM IMAGES",1088,222,20.40
46000S,Dotcom,2626,534,20.34
20716,"PARTY FOOD SHOPPER BAG",404,82,20.30
20980,"36 PENCILS TUBE POSY",79,16,20.25
22073,"RED RETROSPOT STORAGE JAR",336,68,20.24
48185,?,3617,731,20.21
22181,check,591,119,20.14
21344,"MOROCCAN BEATEN METAL DISH",15,3,20.00
21761,damaged,10,2,20.00
35809B,"ENAMEL BLUE RIM TEA CONTAINER",20,4,20.00
79071B,"ENGLISH ROSE METAL WASTE BIN",20,4,20.00
84975,"HEART SHAPED MIRROR",5,1,20.00
85135A,"YELLOW DRAGONFLY HELICOPTER",35,7,20.00
90118,"PINK DAISY BAG CHARM",30,6,20.00
85231G,amazon,601,120,19.97
22838,"3 TIER CAKE TIN RED AND CREAM",694,138,19.88
21361,"LOVE LARGE WOOD LETTERS ",106,21,19.81
72800D,"4 BLUE DINNER CANDLES SILVER FLOCK",91,18,19.78
22990,"COTTON APRON PANTRY DESIGN",638,126,19.75
84576,"BLUE CAT BISCUIT BARREL PINK HEART",66,13,19.70
81950B,"FLOWER BLUE CLOCK WITH SUCKER",117,23,19.66
21662,"VINTAGE GLASS COFFEE CADDY",87,17,19.54
84725,"FREESTYLE CANVAS ART PICTURE",41,8,19.51
21877,"HOME SWEET HOME MUG",5418,1052,19.42
90185A,"AMBER DIAMANTE EXPANDABLE RING",31,6,19.35
21621,?,2889,558,19.31
22503,"CABIN BAG VINTAGE PAISLEY",99,19,19.19
21843,"RED RETROSPOT CAKE STAND",2013,385,19.13
84688,"BEACH HUT DESIGN BLACKBOARD",68,13,19.12
21586,"KINGS CHOICE GIANT TUBE MATCHES",839,160,19.07
22862,"LOVE HEART NAPKIN BOX ",175,33,18.86
23343,20713,9981,1871,18.75
84715,"SET OF 6 ICE CREAM SKITTLES",16,3,18.75
84877B,"GREEN ROUND COMPACT MIRROR",144,27,18.75
22606,check,325,60,18.46
90160A,"PURPLE BOUDICCA LARGE BRACELET",38,7,18.42
85061W,"WHITE JEWELLED HEART DECORATION",2164,398,18.39
37482P,"CUBIC MUG PINK POLKADOT",506,93,18.38
84997C,?,4068,747,18.36
22991,"GIRAFFE WOODEN RULER",3889,714,18.36
21461,"BLUE EASTER EGG HUNT START POST",11,2,18.18
72821,"CUPID SCENTED CANDLE IN GLASS",11,2,18.18
71477,"COLOUR GLASS. STAR T-LIGHT HOLDER",6764,1228,18.15
84625C,"BLUE NEW BAROQUE CANDLESTICK CANDLE",449,81,18.04
21758,"VINTAGE SHELLS PRINT",50,9,18.00
85132A,"CHARLIE + LOLA BISCUITS TINS",555,99,17.84
22501,Found,1785,318,17.82
21648,"ASSORTED TUTTI FRUTTI SMALL PURSE",737,131,17.77
84803B,"WHITE ALLIUM  ARTIFICIAL FLOWER",17,3,17.65
21527,damages,484,85,17.56
22922,"FRIDGE MAGNETS US DINER ASSORTED",1587,276,17.39
90003E,"GREEN PAIR HEART HAIR SLIDES",23,4,17.39
21634,"ASSORTED MINI MADRAS NOTEBOOK",976,169,17.32
84849D,"HOT BATHS SOAP HOLDER",595,102,17.14
85144,"JARDIN ETCHED GLASS BUTTER DISH",222,38,17.12
23015,"CORDIAL GLASS JUG",41,7,17.07
84596G,??,2148,365,16.99
23045,"PAPER LANTERN 5 POINT STAR MOON ",118,20,16.95
21175,"GIN + TONIC DIET METAL SIGN",12225,2048,16.75
17007B,"S/3 POT POURI CUSHIONS BLUE COLOURS",24,4,16.67
20666,"ECONOMY HOLIDAY PURSE",30,5,16.67
46115B,"GREEN POP ART MAO CUSHION COVER ",12,2,16.67
79329,"PINK FLOCK GLASS CANDLEHOLDER",12,2,16.67
84632,"DECORATIVE HANGING SHELVING UNIT",6,1,16.67
85034A,"3 GARDENIA MORRIS BOXED CANDLES",528,88,16.67
90022,"EDWARDIAN DROP EARRINGS JET BLACK",24,4,16.67
21258,?,542,90,16.61
22933,"BAKING MOULD EASTER EGG MILK CHOC",940,156,16.60
20699,"MOUSEY LONG LEGS SOFT TOY",97,16,16.49
22564,"ALPHABET STENCIL CRAFT",2702,437,16.17
22435,?missing,2766,446,16.12
20977,"36 PENCILS TUBE WOODLAND",1741,279,16.03
84927A,"WAKE UP COCKEREL TILE HOOK",50,8,16.00
22521,"CHILDS GARDEN TROWEL PINK",619,99,15.99
15058A,"BLUE POLKADOT GARDEN PARASOL",220,35,15.91
22812,?,1833,291,15.88
22740,?,6931,1096,15.81
22929,"SCHOOL DESK AND CHAIR ",19,3,15.79
84247K,"FOLK ART GREETING CARD,pack/12",70,11,15.71
84976,"RECTANGULAR SHAPED MIRROR",512,80,15.63
20731,"POSY CANDY BAG",103,16,15.53
23090,missing,2238,347,15.50
82613B,"METAL SIGN,CUPCAKE SINGLE HOOK",588,91,15.48
90013A,"MIDNIGHT BLUE VINTAGE EARRINGS",52,8,15.38
90101,"WHITE FRANGIPANI NECKLACE",39,6,15.38
22147,check,6230,957,15.36
35933,"PINK STOCKING CHRISTMAS DECORATION",236,36,15.25
21257,?,696,106,15.23
21547,"CERAMIC BIRDHOUSE CRESTED TIT SMALL",79,12,15.19
22837,?,1235,187,15.14
84629,"WHITE 3 FRAME BIRDS AND TREE ",20,3,15.00
90070,"RUBY GLASS CLUSTER BRACELET",20,3,15.00
90183A,"AMBER DROP EARRINGS W LONG BEADS",40,6,15.00
22263,"FELT EGG COSY LADYBIRD ",327,49,14.98
84569D,"PACK 6 HEART/ICE-CREAM PATCHES",468,70,14.96
21898,"POTTING SHED ROSE CANDLE",559,83,14.85
22033,"BOTANICAL ROSE GREETING CARD",337,50,14.84
22198,"LARGE POPCORN HOLDER ",1025,152,14.83
21807,"WHITE CHRISTMAS STAR DECORATION",439,65,14.81
22522,check,933,138,14.79
20969,"RED FLORAL FELTCRAFT SHOULDER BAG",1962,289,14.73
47504K,"ENGLISH ROSE GARDEN SECATEURS",2091,308,14.73
84461,"12 PINK HEN+CHICKS IN BASKET",41,6,14.63
22236,"CAKE STAND 3 TIER MAGIC GARDEN",308,45,14.61
21865,"PINK UNION JACK  PASSPORT COVER ",274,40,14.60
85071A,"BLUE CHARLIE+LOLA PERSONAL DOORSIGN",1041,152,14.60
84563A,damaged,96,14,14.58
84531B,"BLUE KNITTED EGG COSY",158,23,14.56
37327,adjustment,1585,230,14.51
22078,"RIBBON REEL LACE DESIGN ",1385,201,14.51
21192,check,1141,164,14.37
47503H,"ASS FLORAL PRINT SPIRIT LEVEL ",167,24,14.37
84916,"HAND TOWEL PALE BLUE W FLOWERS",223,32,14.35
20886,"BOX OF 9 PEBBLE CANDLES",496,71,14.31
79191C,"RETRO PLASTIC ELEPHANT TRAY",1105,158,14.30
47013A,damaged,14,2,14.29
84905,"PINK BUTTERFLY CUSHION COVER ",35,5,14.29
90108,"BLUE BLOSSOM HAIR CLIP",70,10,14.29
90176D,"DIAMANTE NECKLACE PURPLE",7,1,14.29
20785,"FUSCHIA RETRO BAR STOOL",14,2,14.29
85230F,"JASMINE VOTIVE CANDLE",338,48,14.20
22060,damaged,233,33,14.16
90170,"DAISY HAIR BAND",85,12,14.12
84846A,"SCENTED CANDLE IN DIGITALIS TIN",57,8,14.04
22520,"CHILDS GARDEN TROWEL BLUE ",723,101,13.97
22568,"?? missing",3388,472,13.93
22219,???lost,4138,576,13.92
20839,damages,575,80,13.91
21110,"LARGE CAKE TOWEL PINK SPOTS",1106,153,13.83
22482,"BLUE TEA TOWEL CLASSIC DESIGN",478,66,13.81
21618,"4 WILDFLOWER BOTANICAL CANDLES",406,56,13.79
90204,"PAIR OF ENAMEL BUTTERFLY HAIRCLIP",29,4,13.79
84422,Dagamed,566,78,13.78
22804,"CANDLEHOLDER PINK HANGING HEART",3142,432,13.75
17012B,check,525,72,13.71
21539,check,979,134,13.69
22927,?,431,59,13.69
21294,damaged,1718,235,13.68
22992,"REVOLVER WOODEN RULER ",5236,716,13.67
22451,"SILK PURSE BABUSHKA RED",242,33,13.64
22923,"FRIDGE MAGNETS LES ENFANTS ASSORTED",1378,188,13.64
85028L,"FRENCH CHATEAU LARGE FRUIT BOWL ",22,3,13.64
20652,"BLUE POLKADOT LUGGAGE TAG ",272,37,13.60
22932,"BAKING MOULD TOFFEE CUP  CHOCOLATE",884,120,13.57
21363,"HOME SMALL WOOD LETTERS",245,33,13.47
22242,"5 HOOK HANGER MAGIC TOADSTOOL",650,87,13.38
90003D,"CRYSTAL PAIR HEART HAIR SLIDES",30,4,13.33
90059A,"DIAMANTE HAIR GRIP PACK/2 CRYSTAL",45,6,13.33
20665,adjustment,482,64,13.28
21638,"ASSORTED TUTTI FRUTTI NOTEBOOK",249,33,13.25
21793,check,304,40,13.16
22163,"HEART STRING MEMO HOLDER HANGING",875,115,13.14
22591,"CARDHOLDER GINGHAM CHRISTMAS TREE",449,59,13.14
20933,"YELLOW POT PLANT CANDLE",23,3,13.04
21424,damages,346,45,13.01
21288,"STRIPEY CHOCOLATE NESTING BOXES",358,46,12.85
21890,missing,1152,146,12.67
85141,"JARDIN ETCHED GLASS FRUITBOWL",127,16,12.60
35965,dotcom,461,58,12.58
20752,"BLUE POLKADOT WASHING UP GLOVES",414,52,12.56
21871,"SAVE THE PLANET MUG",5454,685,12.56
15058C,"ICE CREAM DESIGN GARDEN PARASOL",240,30,12.50
16169K,"WRAP FOLK ART",200,25,12.50
16254,"TRANSPARENT ACRYLIC TAPE DISPENSER",40,5,12.50
20910,"VINTAGE PHOTO ALBUM PARIS DAYS",8,1,12.50
22764,"RUSTIC WOODEN CABINET, GLASS DOORS",8,1,12.50
90003C,"MIDNIGHT BLUE PAIR HEART HAIR SLIDE",32,4,12.50
22942,"CHRISTMAS LIGHTS 10 SANTAS ",609,76,12.48
35915C,damaged,345,43,12.46
22458,"CAST IRON HOOK GARDEN FORK",523,65,12.43
22525,"CHILDRENS GARDEN GLOVES PINK",492,61,12.40
79163,"BLACK CHAMPAGNE GLASS",1544,191,12.37
22777,"GLASS BELL JAR LARGE",356,44,12.36
22635,"CHILDS BREAKFAST SET DOLLY GIRL ",682,84,12.32
35810A,check,634,78,12.30
21447,"12 IVORY ROSE PEG PLACE SETTINGS",969,119,12.28
21683,"MEDIUM MEDINA STAMPED METAL BOWL ",310,38,12.26
20795,"LARGE BLUE PROVENCAL CERAMIC BALL",49,6,12.24
21143,"ANTIQUE GLASS HEART DECORATION ",352,43,12.22
85198,"ASSORTED FARMYARD ANIMALS IN BUCKET",90,11,12.22
72051S,"BAG OF SILVER STONES",131,16,12.21
16207B,"PINK HEART RED HANDBAG",33,4,12.12
84247E,"PACK OF 12 CHRISTMAS FUN CARDS",190,23,12.11
22245,"HOOK, 1 HANGER ,MAGIC GARDEN",1263,152,12.03
84985A,"SET OF 72 GREEN PAPER DOILIES",42,5,11.90
22523,?,866,102,11.78
85185D,"FROG SOCK PUPPET",17,2,11.76
22049,damaged,1075,125,11.63
84818,damages,1424,165,11.59
22445,"PENCIL CASE LIFE IS BEAUTIFUL",537,62,11.55
79331,"PINK FLOCK GLASS CANDLEHOLDER",26,3,11.54
22149,check,6158,709,11.51
47574A,check,549,63,11.48
85178,"VICTORIAN SEWING KIT",2519,289,11.47
11001,"ASSTD DESIGN RACING CAR PEN",1615,185,11.46
21448,"12 DAISY PEGS IN WOOD BOX",349,40,11.46
15060B,"FAIRY CAKE DESIGN UMBRELLA",463,53,11.45
22030,??,5551,635,11.44
20803,damages,945,108,11.43
21318,"GLASS CHALICE BLUE SMALL ",696,79,11.35
22835,"HOT WATER BOTTLE I AM SO POORLY",3474,394,11.34
23155,"KNICKERBOCKERGLORY MAGNET ASSORTED ",2233,253,11.33
90208,"PAIR OF PINK FLOWER CLUSTER SLIDE",53,6,11.32
22578,lost,10462,1183,11.31
23487,"SWEET HEART CAKE CARRIER",80,9,11.25
84968F,check,178,20,11.24
84563B,"BLUE & WHITE BREAKFAST TRAY",98,11,11.22
20897,"VINTAGE NOTEBOOK PARIS DAYS",107,12,11.21
37501,"TEA TIME TEA SET IN GIFT BOX",134,15,11.19
22570,?,3139,351,11.18
37495,"FAIRY CAKE BIRTHDAY CANDLE SET",440,49,11.14
85084,"HOLLY TOP CHRISTMAS STOCKING",45,5,11.11
90058A,"CRYSTAL STUD EARRINGS CLEAR DISPLAY",324,36,11.11
90076,"MONTANA DIAMOND CLUSTER EARRINGS",9,1,11.11
23149,"ANTIQUE IVORY WIRE BOWL SMALL",99,11,11.11
21786,check,2084,231,11.08
22493,"PAINT YOUR OWN CANVAS SET",2463,273,11.08
84944,found,950,105,11.05
84520B,"PACK 20 ENGLISH ROSE PAPER NAPKINS",554,61,11.01
21399,"BLUE POLKADOT COFFEE MUG",2066,227,10.99
21446,"12 RED ROSE PEG PLACE SETTINGS",457,50,10.94
21402,"RED  EGG  SPOON",1369,147,10.74
22364,"GLASS JAR DIGESTIVE BISCUITS",624,67,10.74
22926,"IVORY GIANT GARDEN THERMOMETER",597,63,10.55
21459,"YELLOW EASTER EGG HUNT START POST",76,8,10.53
22035,"taig adjust",1520,160,10.53
22762,"CUPBOARD 3 DRAWER MA CAMPAGNE",171,18,10.53
22474,"SPACEBOY TV DINNER TRAY",305,32,10.49
22180,"RETROSPOT LAMP",335,35,10.45
23170,"REGENCY TEA PLATE ROSES ",6869,718,10.45
22935,"BAKING MOULD ROSE MILK CHOCOLATE",690,72,10.43
21038,"SET/4 MODERN VINTAGE COTTON NAPKINS",77,8,10.39
35810B,"ENAMEL BLUE RIM COFFEE CONTAINER",164,17,10.37
21642,"ASSORTED TUTTI FRUTTI PEN",2472,256,10.36
21098,"CHRISTMAS TOILET ROLL",3858,399,10.34
84907,"PINK YELLOW PATCH CUSHION COVER",29,3,10.34
22360,"GLASS JAR ENGLISH CONFECTIONERY",1019,105,10.30
21360,"JOY LARGE WOOD LETTERS",39,4,10.26
23250,"ENAMEL BOWL PANTRY",1179,121,10.26
82567,"AIRLINE LOUNGE,METAL SIGN",713,73,10.24
21717,"EASTER TIN BUCKET",413,42,10.17
21043,"APRON MODERN VINTAGE COTTON",494,50,10.12
90210C,"RED   ACRYLIC FACETED BANGLE",99,10,10.10
47343A,"FUSCHIA FLOWER PURSE WITH BEADS",159,16,10.06
22569,?,2765,278,10.05
20901,"VINTAGE KEEPSAKE BOX PINK FLOWER",20,2,10.00
21738,"COSY SLIPPER SHOES SMALL  RED ",50,5,10.00
21937,?,1770,177,10.00
22039,"BOTANICAL LILY GIFT WRAP",250,25,10.00
22050,"PINK PAISLEY ROSE GIFT WRAP",1250,125,10.00
84507C,adjustment,70,7,10.00
90199C,"5 STRAND GLASS NECKLACE CRYSTAL",20,2,10.00
84050,check,3248,324,9.98
85208,check,224,22,9.82
23458,"DOLLY CABINET 3 DRAWERS ",51,5,9.80
75131,"METAL TUBE CHIME ON BAMBOO",490,48,9.80
20798,"CLEAR MILKSHAKE GLASS",41,4,9.76
21518,"BANK ACCOUNT  GREETING  CARD ",318,31,9.75
23042,"PAPER LANTERN 7 POINT SNOW STAR",103,10,9.71
22454,"MEASURING TAPE BABUSHKA RED",290,28,9.66
21817,check,912,88,9.65
23228,"FILIGREE HEART BIRD WHITE ",1492,144,9.65
22959,check,4926,475,9.64
21619,"4 VANILLA BOTANICAL CANDLES",978,94,9.61
22328,"ROUND SNACK BOXES SET OF 4 FRUITS ",6847,658,9.61
16169E,check,4563,438,9.60
22524,"CHILDRENS GARDEN GLOVES BLUE",648,62,9.57
82483,crushed,2421,231,9.54
90201C,"RED ENAMEL FLOWER RING",63,6,9.52
84012,"MAGIC SHEEP WOOL GROWING FROM PAPER",1265,120,9.49
22220,"CAKE STAND LOVEBIRD 2 TIER WHITE",232,22,9.48
21090,"SET/6 COLLAGE PAPER PLATES",2421,228,9.42
35607B,"BLACK FEATHER CHRISTMAS DECORATION",96,9,9.38
22915,"ASSORTED BOTTLE TOP  MAGNETS ",3152,294,9.33
84969,"BOX OF 6 ASSORTED COLOUR TEASPOONS",559,52,9.30
22232,"JIGSAW TOADSTOOLS 3 PIECE",690,64,9.28
21248,"DOOR HANGER  MUM + DADS ROOM",205,19,9.27
16054,"POPART RECT PENCIL SHARPENER ASST",1166,108,9.26
21100,"CHARLIE AND LOLA CHARLOTTE BAG",65,6,9.23
21087,"SET/6 POSIES PAPER CUPS",141,13,9.22
22409,"MONEY BOX BISCUITS DESIGN",228,21,9.21
23004,"TRAVEL CARD WALLET PANTRY",2011,184,9.15
22778,check,810,74,9.14
20829,"GLITTER HANGING BUTTERFLY STRING",1315,120,9.13
23661,"MILK MAIDS MUG ",219,20,9.13
22586,check,856,78,9.11
20794,"BLUE  TILE HOOK",99,9,9.09
23459,"DOLLY CABINET 2 DRAWERS ",33,3,9.09
23167,"SMALL CERAMIC TOP STORAGE JAR ",5847,525,8.98
22856,"ASSORTED EASTER DECORATIONS  BELLS",569,51,8.96
21284,"RETROSPOT CANDLE  SMALL",404,36,8.91
84849A,"HELLO SAILOR BLUE SOAP HOLDER",180,16,8.89
37449,"CERAMIC CAKE STAND + HANGING CAKES",564,50,8.87
23412,?,362,32,8.84
21071,check,996,88,8.84
85159A,"BLACK TEA,COFFEE,SUGAR JARS",453,40,8.83
37487B,Damaged,68,6,8.82
23041,"PAPER LANTERN 6 POINT SNOW STAR",272,24,8.82
23324,"RUSTIC STRAWBERRY JAM POT LARGE ",399,35,8.77
22336,damaged,2383,208,8.73
15044B,"BLUE PAPER PARASOL ",321,28,8.72
21656,"RIDGED GLASS POSY VASE ",219,19,8.68
22930,"BAKING MOULD HEART MILK CHOCOLATE",1109,96,8.66
22452,"MEASURING TAPE BABUSHKA PINK",746,64,8.58
22502,"PICNIC BASKET WICKER 60 PIECES",2048,175,8.54
22968,"ROSE COTTAGE KEEPSAKE BOX ",823,70,8.51
85124C,"GREEN JUICY FRUIT PHOTO FRAME",94,8,8.51
82494L,cracked,7180,608,8.47
21352,check,378,32,8.47
22486,"PLASMATRONIC LAMP",71,6,8.45
85215,"ASSORTED CHEESE FRIDGE MAGNETS",343,29,8.45
84078A,"SET/4 WHITE RETRO STORAGE CUBES ",415,35,8.43
84459A,"PINK METAL CHICKEN HEART ",717,60,8.37
21868,Amazon,2639,221,8.37
22946,check,454,38,8.37
16020C,"CLEAR STATIONERY BOX SET ",84,7,8.33
47594A,"CAROUSEL DESIGN WASHBAG",108,9,8.33
62043B,"BLUE CHECK BAG W HANDLE 34X20CM",24,2,8.33
85024C,"PINK SMALL JEWELLED PHOTOFRAME",12,1,8.33
90018C,"SILVER BLACK ORBIT DROP EARRINGS",12,1,8.33
90064B,"BLACK VINTAGE  CRYSTAL EARRINGS",12,1,8.33
35648,check,981,81,8.26
22848,AMAZON,327,27,8.26
82600,check,6017,496,8.24
85111,check,1421,117,8.23
20669,"RED HEART LUGGAGE TAG",304,25,8.22
22057,"CERAMIC PLATE STRAWBERRY DESIGN",584,48,8.22
22574,"HEART WOODEN CHRISTMAS DECORATION",2336,192,8.22
22518,"CHILDS GARDEN BRUSH BLUE",366,30,8.20
84750B,"BLACK SMALL GLASS CAKE STAND",61,5,8.20
90201B,"BLACK ENAMEL FLOWER RING",86,7,8.14
20974,"12 PENCILS SMALL TUBE SKULL",6983,566,8.11
85016,"SET OF 6 VINTAGE NOTELETS KIT",568,46,8.10
84708B,"PINK JEWELLED PHOTO FRAME ",62,5,8.06
22810,check,985,79,8.02
23494,"VINTAGE DOILY DELUXE SEWING KIT ",813,65,8.00
22362,"GLASS JAR PEACOCK BATH SALTS",414,33,7.97
23157,check,3022,240,7.94
21684,"SMALL MEDINA STAMPED METAL BOWL ",783,62,7.92
21205,"MULTICOLOUR 3D BALLS GARLAND",253,20,7.91
78033,"FLAG OF ST GEORGE CHAIR",38,3,7.89
20840,damages,533,42,7.88
22781,"GUMBALL MAGAZINE RACK",622,49,7.88
85206A,"CREAM FELT EASTER EGG BASKET",980,77,7.86
21530,"DAIRY MAID TOASTRACK",777,61,7.85
85132B,"CHARLIE AND LOLA TABLE TINS",538,42,7.81
37342,"POLKADOT COFFEE CUP & SAUCER PINK",1571,122,7.77
85099F,"JUMBO BAG STRAWBERRY",17423,1342,7.70
21277,"FRENCH STYLE EMBOSSED HEART CABINET",26,2,7.69
23111,"PARISIENNE SEWING BOX",312,24,7.69
21035,"SET/2 RED RETROSPOT TEA TOWELS ",2603,200,7.68
22152,check,2408,183,7.60
51014C,"FEATHER PEN,COAL BLACK",2712,206,7.60
22509,"SEWING BOX RETROSPOT DESIGN ",211,16,7.58
22497,"SET OF 2 TINS VINTAGE BATHROOM ",225,17,7.56
79191B,"RETRO PLASTIC POLKA TRAY",159,12,7.55
21155,"RED RETROSPOT PEG BAG",3157,238,7.54
84535A,"ENGLISH ROSE NOTEBOOK A6 SIZE",863,65,7.53
22948,"METAL DECORATION NAUGHTY CHILDREN ",1601,120,7.50
85132C,"CHARLIE AND LOLA FIGURES TINS",1523,114,7.49
22776,"CAKESTAND, 3 TIER, LOVEHEART",1245,93,7.47
21078,"SET/20 STRAWBERRY PAPER NAPKINS ",2780,207,7.45
22890,"NOVELTY BISCUITS CAKE STAND 3 TIER",391,29,7.42
22956,"36 FOIL HEART CAKE CASES",2055,152,7.40
21197,"MULTICOLOUR  CONFETTI IN TUBE",284,21,7.39
82095,"HEART BUTTONS JEWELLERY BOX",68,5,7.35
84874B,"BLUE TRAVEL FIRST AID KIT",41,3,7.32
23118,Breakages,823,60,7.29
21429,"RED GINGHAM ROSE JEWELLERY BOX",1746,127,7.27
23110,"PARISIENNE KEY CABINET ",702,51,7.26
72817,check,1255,91,7.25
21823,"amazon adjust",1383,100,7.23
22689,"DOORMAT MERRY CHRISTMAS RED ",720,52,7.22
84575A,"PINK DOG CANNISTER",14,1,7.14
90209A,"PURPLE ENAMEL+GLASS HAIR COMB",84,6,7.14
23075,"DOUBLE CERAMIC PARLOUR HOOK",477,34,7.13
23022,"SMALL BONNE JAM JAR  T-LIGHT HOLDER",422,30,7.11
40003,"WHITE BAMBOO RIBS LAMPSHADE",155,11,7.10
22891,"TEA FOR ONE POLKADOT",424,30,7.08
20836,"FRENCH PAISLEY CUSHION COVER",170,12,7.06
84535B,"FAIRY CAKES NOTEBOOK A6 SIZE",1348,95,7.05
84032B,"CHARLIE + LOLA RED HOT WATER BOTTLE",939,66,7.03
21198,"WHITE HEART CONFETTI IN TUBE",1029,72,7.00
85054,check,616,43,6.98
85064,"CREAM SWEETHEART LETTER RACK",216,15,6.94
22752,"SET 7 BABUSHKA NESTING BOXES",1790,124,6.93
21407,"BROWN CHECK CAT DOORSTOP ",290,20,6.90
22231,"JIGSAW TREE WITH BIRDHOUSE",1000,69,6.90
22826,"LOVE SEAT ANTIQUE WHITE METAL",58,4,6.90
23210,"WHITE ROCKING HORSE HAND PAINTED",2902,200,6.89
84031B,"CHARLIE LOLA BLUE HOT WATER BOTTLE ",305,21,6.89
20734,"SILVER MINI TAPE MEASURE ",160,11,6.88
21809,"CHRISTMAS HANGING TREE WITH BELL",2038,140,6.87
23485,"BOTANICAL GARDENS WALL CLOCK ",262,18,6.87
21171,"BATHROOM METAL SIGN ",438,30,6.85
72816,"SET/3 CHRISTMAS DECOUPAGE CANDLES",893,61,6.83
20711,check,5008,340,6.79
23413,"DECORATIVE VINTAGE COFFEE  BOX",177,12,6.78
84927E,"FLOWERS TILE HOOK",59,4,6.78
22268,check,2011,136,6.76
23131,?,991,67,6.76
85123A,?,41956,2834,6.75
21894,"POTTING SHED SEED ENVELOPES",597,40,6.70
16202E,"BLACK PHOTO ALBUM ",15,1,6.67
47589,"CONGRATULATIONS BUNTING",15,1,6.67
21824,check,1917,127,6.62
23140,"TRIPLE WIRE HOOK IVORY HEART",182,12,6.59
21285,"RETROSPOT CANDLE  MEDIUM",365,24,6.58
22423,damages,13890,910,6.55
22687,adjustment,629,41,6.52
21014,check,1385,90,6.50
21644,"ASSORTED TUTTI FRUTTI HEART BOX",386,25,6.48
21463,"MIRRORED DISCO BALL ",651,42,6.45
85124B,"BLUE JUICY FRUIT PHOTO FRAME",93,6,6.45
23249,"ENAMEL DINNER PLATE PANTRY",854,55,6.44
21528,"DAIRY MAID TRADITIONAL TEAPOT ",218,14,6.42
85027L,"FRENCH CHATEAU LARGE PLATTER ",78,5,6.41
23358,"HOT STUFF HOT WATER BOTTLE",595,38,6.39
22892,check,2478,158,6.38
22593,"CHRISTMAS GINGHAM STAR",2265,144,6.36
22136,"LOVE HEART SOCK HANGER",379,24,6.33
22759,check,5558,351,6.32
21051,found,432,27,6.25
22186,"RED STAR CARD HOLDER",848,53,6.25
22784,damages,1281,80,6.25
84086B,"YELLOW/BLUE RETRO RADIO",16,1,6.25
84927D,"LA PALMIERA TILE HOOK",48,3,6.25
85045,"GREEN CHRISTMAS TREE STRING 20LIGHT",64,4,6.25
90147,"CHUNKY SILVER NECKLACE PASTEL FLOWE",32,2,6.25
22950,"36 DOILIES VINTAGE CHRISTMAS",5210,325,6.24
23146,"TRIPLE HOOK ANTIQUE IVORY ROSE",801,50,6.24
22173,"METAL 4 HOOK HANGER FRENCH CHATEAU",2473,153,6.19
22925,AMAZON,452,28,6.19
23225,"CHERUB HEART DECORATION SILVER ",1356,84,6.19
21927,"BLUE/CREAM STRIPE CUSHION COVER ",631,39,6.18
72818,check,1846,113,6.12
84569A,"PACK 3 IRON ON DOG PATCHES",294,18,6.12
85159B,"WHITE TEA,COFFEE,SUGAR JARS",622,38,6.11
47591D,"PINK FAIRY CAKE CHILDRENS APRON",3345,203,6.07
90143,"SILVER BRACELET W PASTEL FLOWER",33,2,6.06
23112,"PARISIENNE CURIO CABINET",547,33,6.03
47021G,"SET/6 BEAD COASTERS GAUZE BAG GOLD",870,52,5.98
21136,"PAINTED METAL PEARS ASSORTED",4709,281,5.97
23002,"TRAVEL CARD WALLET SKULLS",2145,128,5.97
22847,"BREAD BIN DINER STYLE IVORY",906,54,5.96
20998,"ROSE DU SUD OVEN GLOVE",185,11,5.95
21787,"RAIN PONCHO RETROSPOT",8878,528,5.95
22738,"RIBBON REEL SNOWY VILLAGE",2189,130,5.94
46000M,"Dotcom sales",1701,101,5.94
21163,"DO NOT TOUCH MY STUFF DOOR HANGER ",1201,71,5.91
21811,check,4881,288,5.90
21801,"CHRISTMAS TREE DECORATION WITH BELL",1256,74,5.89
90014B,"GOLD M PEARL  ORBIT NECKLACE",17,1,5.88
90058B,"CRYSTAL STUD EARRINGS ASSORTED COL ",612,36,5.88
22151,"PLACE SETTING WHITE HEART",15150,890,5.87
22176,amazon,514,30,5.84
22700,"BLACK AND WHITE DOG BOWL",1198,70,5.84
23099,"FRENCH CARRIAGE LANTERN",137,8,5.84
22688,"DOORMAT PEACE ON EARTH BLUE",722,42,5.82
85035B,check,621,36,5.80
90201A,"PURPLE ENAMEL FLOWER RING",69,4,5.80
21609,"SET 12 LAVENDER  BOTANICAL T-LIGHTS",802,46,5.74
35970,"ZINC FOLKART SLEIGH BELLS",5070,290,5.72
23207,"LUNCH BAG ALPHABET DESIGN",7851,448,5.71
85127,found,193,11,5.70
22171,?,1970,112,5.69
23048,"SET OF 10 LANTERNS FAIRY LIGHT STAR",581,33,5.68
21259,"VICTORIAN SEWING BOX SMALL ",1184,67,5.66
22533,check,1847,104,5.63
23315,"IVORY REFECTORY CLOCK",213,12,5.63
21579,"LOLITA  DESIGN  COTTON TOTE BAG",178,10,5.62
22207,"FRYING PAN UNION FLAG",1334,75,5.62
21873,"IF YOU CAN'T STAND THE HEAT MUG",1621,91,5.61
22854,"CREAM SWEETHEART EGG HOLDER",767,43,5.61
84926F,"PSYCHEDELIC TILE COASTER",430,24,5.58
35920,"FOUR RABBIT EASTER DECORATIONS",72,4,5.56
22761,"CHEST 7 DRAWER MA CAMPAGNE",36,2,5.56
23020,"GLASS  SONGBIRD STORAGE JAR",180,10,5.56
23079," TOADSTOOL BEDSIDE LIGHT ",253,14,5.53
22021,"BLUE FELT EASTER EGG BASKET",365,20,5.48
84949,"SILVER HANGING T-LIGHT HOLDER",4801,263,5.48
22443,"GROW YOUR OWN HERBS SET OF 3",165,9,5.45
23252,"ENAMEL JUG PANTRY",607,33,5.44
